model,cv_f1_mean,cv_f1_std
LinearSVC (best/tuned),0.6235934469696934,0.007394139147119181
LogisticRegression,0.5972115726974527,0.00822758195483878
MultinomialNB,0.5702430586685273,0.01242982442684555
