model,test_accuracy,test_precision,test_recall,test_f1
LinearSVC (best/tuned),0.6551136363636364,0.631578947368421,0.5835411471321695,0.6066104990278678
LogisticRegression,0.6607954545454545,0.6629570747217806,0.5199501246882793,0.5828092243186582
MultinomialNB,0.665340909090909,0.6975881261595547,0.4688279301745636,0.5607755406413124
